,rx,ry,rconfidence
0,153.113,146.62,0.727371
0,153.138,139.495,0.77939
0,155.083,138.19,0.777259
0,156.362,137.54,0.737233
0,153.749,140.14,0.778918
0,151.169,145.336,0.704713
0,0.0,0.0,0.0
0,143.371,162.86,0.817504
0,153.093,142.705,0.783249
0,148.578,153.104,0.795581
0,140.782,189.471,0.427997
0,148.585,151.815,0.644669
0,0.0,0.0,0.0
0,0.0,0.0,0.0
0,0.0,0.0,0.0
0,137.518,173.899,0.775646
0,153.133,142.712,0.799902
0,154.434,137.556,0.780392
0,153.116,141.417,0.767385
0,180.398,121.932,0.409396
0,157.023,138.828,0.699379
0,152.457,142.738,0.76904
0,186.239,112.872,0.509726
0,163.507,122.583,0.698136
0,0.0,0.0,0.0
0,149.868,147.26,0.703083
0,153.13,140.787,0.721431
0,0.0,0.0,0.0
0,148.582,148.604,0.809487
0,164.806,132.335,0.683456
0,153.765,139.484,0.777942
0,155.082,138.16,0.727769
0,0.0,0.0,0.0
0,151.811,142.729,0.795849
0,176.504,123.251,0.362934
0,142.729,162.846,0.797574
0,163.527,132.338,0.68786
0,138.177,184.275,0.464176
0,153.766,142.715,0.743342
0,0.0,0.0,0.0
0,149.234,146.621,0.69631
0,179.078,122.584,0.470185
0,175.857,119.349,0.54812
0,151.819,143.414,0.738751
0,0.0,0.0,0.0
0,0.0,0.0,0.0
0,155.718,138.184,0.773088
0,153.751,141.423,0.73474
0,153.133,141.416,0.74179
0,158.313,129.75,0.636289
0,153.789,142.075,0.745838
0,138.179,176.5,0.62065
0,0.0,0.0,0.0
0,151.825,143.36,0.768674
0,160.266,136.873,0.685432
0,149.25,147.899,0.789395
0,153.76,144.019,0.722839
0,164.152,132.995,0.7627
0,164.156,129.102,0.675151
0,175.2,119.341,0.680025
0,147.919,151.183,0.778407
0,147.278,157.024,0.757527
0,151.827,143.367,0.706822
0,153.775,142.7,0.748458
0,155.733,137.53,0.679877
0,0.0,0.0,0.0
0,0.0,0.0,0.0
0,153.781,140.138,0.774555
0,149.219,152.467,0.811589
0,153.787,138.197,0.775907
0,0.0,0.0,0.0
0,152.457,143.41,0.779136
0,155.077,139.488,0.719483
0,155.725,137.541,0.692329
0,158.955,137.544,0.543994
0,0.0,0.0,0.0
0,152.465,142.727,0.776781
0,152.462,143.366,0.761229
0,0.0,0.0,0.0
0,0.0,0.0,0.0
0,157.656,138.855,0.639331
0,176.51,124.551,0.521064
0,176.499,127.145,0.620273
0,148.552,151.179,0.791114
0,149.22,147.904,0.802834
0,153.129,142.749,0.751956
0,148.553,154.419,0.820885
0,152.459,145.973,0.723839
0,151.82,143.361,0.768466
0,0.0,0.0,0.0
0,148.583,149.222,0.783328
0,155.085,137.541,0.720619
0,0.0,0.0,0.0
0,153.783,140.786,0.760633
0,153.105,142.089,0.737176
0,139.492,188.837,0.350872
0,166.125,126.489,0.653508
0,153.107,142.08,0.711037
0,142.748,164.826,0.796409
0,154.418,140.772,0.756788
0,158.296,138.202,0.71291
0,158.959,137.551,0.602204
0,151.184,141.434,0.701325
0,157.03,136.242,0.726287
0,158.972,137.552,0.607833
0,153.779,137.547,0.805655
0,153.13,142.752,0.766332
0,146.634,121.935,0.673212
0,148.591,148.579,0.802327
0,0.0,0.0,0.0
0,177.162,126.493,0.636239
0,153.778,138.18,0.799906
0,158.985,132.991,0.792528
0,152.454,143.372,0.789674
0,152.458,143.384,0.775615
0,138.186,179.762,0.572732
0,178.452,125.839,0.62211
0,152.479,144.026,0.705377
0,152.468,143.386,0.783266
0,0.0,0.0,0.0
0,0.0,0.0,0.0
0,163.499,132.974,0.712064
0,157.648,137.511,0.740404
0,0.0,0.0,0.0
0,151.817,142.743,0.78562
0,0.0,0.0,0.0
0,0.0,0.0,0.0
0,182.353,120.655,0.700327
0,151.183,142.744,0.766097
0,0.0,0.0,0.0
0,139.486,153.128,0.0672364
0,0.0,0.0,0.0
0,158.288,138.831,0.68332
0,154.412,139.489,0.773585
0,169.362,118.044,0.753014
0,0.0,0.0,0.0
0,147.935,151.177,0.799468
0,152.466,145.335,0.7586
0,0.0,0.0,0.0
0,151.835,147.914,0.733439
0,0.0,0.0,0.0
0,153.777,137.535,0.802787
0,149.248,147.903,0.79136
0,0.0,0.0,0.0
0,153.092,144.028,0.75148
0,0.0,0.0,0.0
0,0.0,0.0,0.0
0,171.953,135.584,0.564041
0,179.739,118.04,0.683689
0,0.0,0.0,0.0
0,153.759,141.432,0.806161
0,152.471,137.538,0.565658
0,153.781,140.138,0.74279
0,153.133,143.36,0.80135
0,151.817,143.414,0.743713
0,0.0,0.0,0.0
0,155.08,136.882,0.790971
0,150.529,144.036,0.743439
0,138.175,177.162,0.697678
0,148.553,138.843,0.711558
0,0.0,0.0,0.0
0,0.0,0.0,0.0
0,153.118,142.707,0.749197
0,148.6,148.584,0.717153
0,155.078,134.942,0.721368
0,147.95,153.138,0.800008
0,0.0,0.0,0.0
0,0.0,0.0,0.0
0,155.729,137.501,0.760403
0,132.978,184.278,0.484474
0,154.423,140.134,0.747191
0,154.426,140.131,0.760781
0,155.73,138.197,0.719878
0,160.916,135.597,0.665945
0,139.481,184.97,0.399138
0,0.0,0.0,0.0
0,158.957,136.225,0.685938
0,150.529,144.682,0.729886
0,152.475,143.361,0.747761
0,153.754,138.209,0.826544
0,0.0,0.0,0.0
0,163.532,134.28,0.740968
0,0.0,0.0,0.0
0,180.401,121.957,0.407475
0,156.359,132.986,0.766713
0,158.314,137.549,0.773961
0,153.129,140.129,0.751366
0,147.94,151.825,0.810171
0,0.0,0.0,0.0
0,148.554,151.171,0.78315
0,152.457,143.378,0.775822
0,164.81,132.335,0.769099
0,153.763,141.435,0.7685
0,186.253,112.88,0.704674
0,154.415,136.892,0.78271
0,153.115,142.755,0.781681
0,160.276,125.848,0.72126
0,148.578,152.457,0.785187
0,153.752,142.699,0.757037
0,0.0,0.0,0.0
0,0.0,0.0,0.0
0,152.464,145.325,0.610293
0,0.0,0.0,0.0
0,151.815,142.751,0.769472
0,153.104,142.072,0.678738
0,0.0,0.0,0.0
0,160.258,127.809,0.644501
0,163.51,132.332,0.727001
0,152.452,143.397,0.753657
0,153.779,139.478,0.754936
0,144.672,181.05,0.41502
0,153.122,143.368,0.745547
0,153.781,140.777,0.739469
0,153.798,138.2,0.79947
0,156.366,133.66,0.722143
0,155.074,140.769,0.603879
0,0.0,0.0,0.0
0,154.419,138.18,0.803463
0,147.922,132.359,0.534006
0,0.0,0.0,0.0
0,151.182,143.382,0.748166
0,163.501,132.993,0.749854
0,175.205,123.257,0.505014
0,148.566,152.453,0.773433
0,155.717,137.557,0.754981
0,170.668,136.889,0.486973
0,153.772,139.484,0.719036
0,158.31,138.184,0.759823
0,0.0,0.0,0.0
0,0.0,0.0,0.0
0,158.306,138.828,0.672911
0,0.0,0.0,0.0
0,149.245,144.043,0.786914
0,173.248,121.927,0.595156
0,148.602,132.998,0.727061
0,152.451,142.751,0.767725
0,155.077,138.159,0.777578
0,143.384,162.843,0.779088
0,162.871,132.981,0.717745
0,158.31,131.048,0.747333
0,0.0,0.0,0.0
0,157.647,133.013,0.68937
0,0.0,0.0,0.0
0,135.587,185.588,0.287123
0,0.0,0.0,0.0
0,157.015,137.539,0.765695
0,149.884,143.407,0.778071
0,148.568,149.868,0.814539
0,179.084,121.284,0.50726
0,153.796,137.55,0.80567
0,148.579,147.952,0.818563
0,151.172,143.4,0.741782
0,156.363,137.556,0.735157
0,155.726,140.138,0.672553
0,175.222,127.819,0.627513
0,0.0,0.0,0.0
0,0.0,0.0,0.0
0,173.247,127.801,0.437687
0,153.099,144.025,0.759707
0,154.435,140.125,0.729511
0,151.18,142.745,0.794976
0,150.523,143.361,0.802829
0,137.531,184.285,0.50651
0,140.134,189.48,0.359926
0,153.117,141.439,0.782278
0,0.0,0.0,0.0
0,0.0,0.0,0.0
0,153.107,142.734,0.750313
0,153.108,142.072,0.786636
0,138.842,184.266,0.450043
0,176.506,127.818,0.586049
0,137.517,179.742,0.547926
0,151.819,116.747,0.727339
0,153.776,142.063,0.709243
0,153.792,138.847,0.759872
0,175.2,121.933,0.634457
0,149.873,147.934,0.789191
0,0.0,0.0,0.0
0,0.0,0.0,0.0
0,153.781,137.56,0.82036
0,0.0,0.0,0.0
0,147.94,150.52,0.780063
0,0.0,0.0,0.0
0,152.469,142.739,0.781555
0,136.229,185.598,0.377105
0,0.0,0.0,0.0
0,151.167,144.68,0.728106
0,155.085,138.194,0.791447
0,0.0,0.0,0.0
0,153.755,138.827,0.791359
0,149.221,147.898,0.786646
0,151.176,143.361,0.762238
0,177.799,122.604,0.427939
0,158.295,138.207,0.648449
0,152.481,144.041,0.695018
0,162.846,132.336,0.729947
0,0.0,0.0,0.0
0,151.173,144.048,0.735138
0,138.845,188.187,0.348868
0,153.098,143.396,0.762372
0,153.777,140.141,0.741479
0,162.219,134.295,0.676867
0,153.114,173.239,0.451592
0,138.826,184.295,0.474934
0,0.0,0.0,0.0
0,153.096,142.085,0.790457
0,0.0,0.0,0.0
0,155.062,138.852,0.761487
0,159.609,133.015,0.749685
0,0.0,0.0,0.0
0,153.785,140.126,0.773946
0,153.753,138.206,0.793299
0,0.0,0.0,0.0
0,139.479,188.192,0.376551
0,157.015,135.592,0.745571
0,155.063,138.177,0.748864
0,153.123,138.192,0.777345
0,0.0,0.0,0.0
0,174.561,130.385,0.525162
0,141.436,128.465,0.697916
0,154.419,137.537,0.787502
0,0.0,0.0,0.0
0,151.817,142.753,0.780859
0,153.098,142.741,0.821198
0,138.176,184.275,0.517218
0,152.45,144.022,0.730723
0,157.655,139.482,0.575668
0,153.787,139.498,0.746147
0,0.0,0.0,0.0
0,179.093,117.425,0.627771
0,153.133,142.084,0.791619
0,154.444,141.436,0.685518
0,156.358,138.162,0.768496
0,153.771,138.837,0.767376
0,154.42,138.84,0.758438
0,153.146,138.164,0.817952
0,153.787,142.744,0.792196
0,149.883,147.902,0.650184
0,179.105,125.193,0.502004
0,0.0,0.0,0.0
0,156.369,140.781,0.69459
0,0.0,0.0,0.0
0,0.0,0.0,0.0
0,152.47,142.087,0.792654
0,163.513,132.341,0.697484
0,0.0,0.0,0.0
0,149.883,143.404,0.720648
0,139.481,188.192,0.376048
0,151.171,145.973,0.729568
0,181.04,117.384,0.497774
0,0.0,0.0,0.0
0,0.0,0.0,0.0
0,179.775,122.608,0.560097
0,153.109,142.729,0.795936
0,179.078,125.187,0.627039
0,154.41,138.835,0.773601
0,0.0,0.0,0.0
0,152.466,143.413,0.769586
0,155.065,138.848,0.734103
0,155.069,138.189,0.772946
0,150.528,147.285,0.776942
0,0.0,0.0,0.0
0,155.716,138.181,0.772773
0,134.284,201.838,0.0506959
0,154.432,138.84,0.70612
0,171.315,118.049,0.689041
0,0.0,0.0,0.0
0,139.475,174.583,0.72945
0,171.949,136.876,0.550772
0,148.597,132.327,0.797329
0,175.854,118.06,0.658286
0,153.794,137.518,0.810393
0,161.557,132.312,0.684473
0,154.411,138.201,0.709622
0,151.179,143.412,0.737759
0,151.181,143.412,0.744661
0,149.88,143.407,0.745638
0,176.497,127.796,0.502715
0,160.907,122.623,0.730568
0,139.492,180.406,0.522744
0,149.217,149.882,0.791596
0,151.824,143.362,0.738016
0,143.36,125.206,0.718053
0,175.849,127.158,0.578769
0,151.823,143.363,0.745211
0,0.0,0.0,0.0
0,0.0,0.0,0.0
0,153.778,144.02,0.731441
0,138.181,189.472,0.406971
0,151.81,144.043,0.74268
0,178.443,118.051,0.577777
0,151.819,143.364,0.776419
0,151.183,143.391,0.752622
0,174.559,127.15,0.432505
0,158.328,137.51,0.731151
0,147.276,147.272,0.639423
0,0.0,0.0,0.0
0,153.14,138.839,0.797447
0,159.62,136.875,0.709867
0,156.368,138.168,0.735582
0,174.569,127.145,0.447876
0,151.822,149.882,0.633543
0,163.524,130.401,0.673109
0,138.199,184.954,0.42459
0,179.108,122.589,0.38557
0,155.088,137.512,0.712611
0,0.0,0.0,0.0
0,0.0,0.0,0.0
0,153.756,141.424,0.727145
0,152.473,144.043,0.74863
0,0.0,0.0,0.0
0,158.326,132.331,0.698658
0,0.0,0.0,0.0
0,169.357,137.509,0.485227
0,149.215,147.896,0.814215
0,151.179,143.356,0.738988
0,149.88,148.601,0.763844
0,137.539,185.602,0.377849
0,170.019,138.177,0.576665
0,138.194,188.825,0.401076
0,168.057,136.871,0.52645
0,160.26,136.873,0.651352
0,149.888,143.399,0.779193
0,174.543,132.323,0.429635
0,178.449,120.002,0.452811
0,155.076,138.213,0.738821
0,117.383,120.653,0.571216
0,0.0,0.0,0.0
0,155.064,140.123,0.752497
0,155.714,138.855,0.727343
0,173.259,137.514,0.546046
0,153.745,138.83,0.799263
0,156.369,142.078,0.770963
0,148.601,148.602,0.762232
0,148.596,147.258,0.72464
0,0.0,0.0,0.0
0,139.485,188.186,0.357093
0,184.307,118.059,0.483823
0,153.105,141.442,0.754998
0,153.764,141.438,0.746478
0,148.596,148.598,0.801389
0,178.449,121.297,0.443447
0,164.817,127.8,0.765359
0,160.27,122.583,0.742571
0,147.941,149.89,0.755307
0,155.081,138.173,0.740028
0,148.587,148.594,0.805629
0,152.472,144.034,0.733653
0,136.88,188.832,0.427205
0,152.45,143.364,0.767381
0,158.961,138.193,0.745206
0,154.429,138.176,0.80223
0,181.042,122.597,0.593251
0,155.065,138.832,0.751804
0,150.532,146.628,0.715541
0,0.0,0.0,0.0
0,142.071,162.85,0.787995
0,151.811,143.357,0.773884
0,147.932,152.469,0.794372
0,138.189,182.34,0.467519
0,171.964,137.527,0.535568
0,151.816,143.371,0.749314
0,179.767,122.609,0.606979
0,153.102,142.059,0.789715
0,160.915,136.241,0.604341
0,153.798,140.79,0.685048
0,0.0,0.0,0.0
0,153.754,138.84,0.798768
0,154.418,138.214,0.752274
0,149.877,147.269,0.789718
0,180.409,122.595,0.563234
0,0.0,0.0,0.0
0,153.755,143.389,0.805626
0,154.418,138.208,0.67103
0,158.967,137.512,0.755656
0,177.147,118.704,0.579506
0,144.678,160.267,0.748304
0,153.748,139.493,0.724806
0,164.81,128.462,0.708088
0,117.375,132.326,0.802781
0,158.339,137.543,0.772166
0,148.592,149.222,0.79324
0,155.076,138.188,0.733997
0,147.904,151.835,0.747399
0,163.501,132.991,0.697211
0,156.373,137.56,0.751092
0,156.378,136.235,0.730823
0,0.0,0.0,0.0
0,179.099,118.042,0.610784
0,0.0,0.0,0.0
0,186.236,111.577,0.551127
0,138.199,183.635,0.452457
0,151.172,148.559,0.797281
0,150.524,144.695,0.731996
0,158.973,136.866,0.658729
0,137.547,179.759,0.550724
0,150.525,148.583,0.757408
0,138.178,181.704,0.475537
0,147.95,152.465,0.780642
0,0.0,0.0,0.0
0,151.161,143.402,0.771284
0,153.768,146.636,0.746396
0,179.737,119.358,0.517996
0,152.481,140.775,0.766282
0,162.859,142.091,0.446551
0,153.798,142.738,0.7844
0,147.904,153.104,0.758681
0,147.258,153.757,0.758468
0,154.426,137.522,0.783872
0,115.455,122.589,0.577759
0,130.389,134.288,0.725188
0,0.0,0.0,0.0
0,177.145,127.796,0.5345
0,147.935,154.415,0.827263
0,153.791,140.129,0.754837
0,153.751,140.786,0.738803
0,179.73,122.619,0.512779
0,153.135,140.784,0.760161
0,0.0,0.0,0.0
0,0.0,0.0,0.0
0,0.0,0.0,0.0
0,151.825,142.748,0.782298
0,149.242,145.966,0.730618
0,0.0,0.0,0.0
0,138.836,183.641,0.441854
0,158.335,138.164,0.771313
0,0.0,0.0,0.0
0,135.587,194.695,0.0724103
0,153.78,138.217,0.760454
0,153.784,140.126,0.751345
0,153.145,140.145,0.773108
0,147.935,149.246,0.798574
0,155.067,137.549,0.73987
0,148.574,148.6,0.817774
0,169.352,138.208,0.515213
0,159.613,136.866,0.710661
0,174.56,122.605,0.475009
0,157.028,137.552,0.697503
0,142.071,184.302,0.416213
0,151.828,144.053,0.733587
0,153.757,138.827,0.743262
0,154.431,140.129,0.737872
0,151.818,143.362,0.740466
0,155.709,138.188,0.681384
0,153.123,140.772,0.70349
0,0.0,0.0,0.0
0,155.721,134.938,0.631104
0,147.925,153.1,0.776551
0,153.091,138.2,0.805293
0,153.755,140.788,0.758221
0,166.109,136.877,0.539116
0,155.072,137.549,0.737128
0,0.0,0.0,0.0
0,136.887,150.529,0.0769574
0,153.788,140.783,0.764358
0,154.411,138.182,0.808808
0,153.762,137.549,0.790041
0,147.925,149.245,0.791361
0,152.48,142.758,0.773862
0,0.0,0.0,0.0
0,153.106,148.584,0.742382
0,172.602,121.939,0.585999
0,0.0,0.0,0.0
0,164.182,127.822,0.77438
0,154.418,138.847,0.793159
0,160.268,123.252,0.741034
0,151.817,142.756,0.768351
0,155.062,138.211,0.765974
0,175.862,127.788,0.688838
0,150.529,148.587,0.801965
0,0.0,0.0,0.0
0,148.585,148.596,0.799101
0,152.466,142.748,0.762842
0,169.355,111.531,0.7872
0,169.348,136.876,0.537374
0,0.0,0.0,0.0
0,155.079,136.224,0.737879
0,138.205,168.728,0.770647
0,148.57,148.588,0.825393
0,153.123,141.443,0.721972
0,149.878,147.277,0.795958
0,148.58,149.237,0.768489
0,0.0,0.0,0.0
0,173.263,127.156,0.386336
0,148.561,148.583,0.815974
0,153.757,142.062,0.778102
0,155.074,138.205,0.741839
0,153.758,141.439,0.737077
0,157.008,138.215,0.68327
0,176.499,119.341,0.511219
0,0.0,0.0,0.0
0,153.131,141.422,0.773306
0,0.0,0.0,0.0
0,179.73,122.604,0.529113
0,153.114,141.441,0.766518
0,154.421,137.507,0.769144
0,148.583,153.118,0.85827
0,0.0,0.0,0.0
0,153.101,140.126,0.769574
0,0.0,0.0,0.0
0,152.471,141.435,0.732424
0,153.111,142.067,0.749826
0,154.422,139.492,0.77275
0,155.713,138.184,0.664242
0,153.105,141.428,0.771393
0,150.521,148.588,0.781134
0,0.0,0.0,0.0
0,148.575,148.582,0.797456
0,152.458,142.731,0.750968
0,158.968,137.517,0.667083
0,157.648,137.548,0.795732
0,0.0,0.0,0.0
0,151.167,144.042,0.752378
0,137.551,180.403,0.598082
0,0.0,0.0,0.0
0,0.0,0.0,0.0
0,0.0,0.0,0.0
0,0.0,0.0,0.0
0,142.753,127.134,0.760127
0,154.437,142.715,0.719448
0,152.465,142.744,0.774592
0,176.495,127.784,0.571043
0,153.122,141.422,0.646655
0,157.02,136.882,0.661608
0,151.171,143.388,0.771657
0,147.942,152.46,0.830293
0,157.676,134.94,0.750041
0,181.057,125.851,0.466525
0,0.0,0.0,0.0
0,176.497,127.785,0.646148
0,153.777,139.481,0.781744
0,171.949,133.005,0.512767
0,151.823,144.031,0.709235
0,0.0,0.0,0.0
0,158.312,138.175,0.764475
0,151.834,142.089,0.791998
0,141.435,186.258,0.370491
0,153.1,140.783,0.75668
0,154.416,138.843,0.777126
0,151.822,142.741,0.759842
0,140.789,125.198,0.614696
0,155.716,142.091,0.764241
0,138.827,179.086,0.672309
0,156.37,137.557,0.760632
0,0.0,0.0,0.0
0,158.995,133.007,0.707346
0,153.133,141.431,0.762076
0,179.104,120.647,0.528153
0,153.122,137.56,0.835339
0,0.0,0.0,0.0
0,154.425,138.845,0.788792
0,0.0,0.0,0.0
0,176.504,111.542,0.642515
0,0.0,0.0,0.0
0,153.766,138.181,0.751661
0,151.179,148.571,0.674279
0,153.097,139.501,0.732292
0,179.099,117.397,0.340168
0,168.689,138.852,0.534372
0,142.718,168.685,0.783542
0,156.361,138.175,0.749632
0,136.242,142.077,0.630062
0,0.0,0.0,0.0
0,152.459,142.7,0.806801
0,151.824,144.019,0.760933
0,140.143,179.728,0.621369
0,180.407,121.294,0.446154
0,150.535,144.021,0.767358
0,159.618,137.508,0.786231
0,175.199,128.445,0.578475
0,148.578,151.816,0.755105
0,0.0,0.0,0.0
0,155.08,138.854,0.731435
0,153.757,138.183,0.830923
0,153.788,142.718,0.797067
0,157.655,136.886,0.726645
0,138.174,185.607,0.404353
0,150.519,143.389,0.774608
0,153.779,139.498,0.765361
0,169.357,118.061,0.773752
0,0.0,0.0,0.0
0,167.414,127.132,0.610697
0,153.101,142.709,0.789324
0,161.56,133.645,0.70712
0,148.571,149.229,0.817243
0,0.0,0.0,0.0
0,153.115,146.615,0.731323
0,152.486,142.067,0.787978
0,164.16,129.733,0.652225
0,172.603,127.794,0.303888
0,153.099,142.7,0.802754
0,0.0,0.0,0.0
0,151.821,142.739,0.803463
0,0.0,0.0,0.0
0,151.832,143.384,0.751754
0,0.0,0.0,0.0
0,154.409,138.853,0.754457
0,157.678,134.937,0.736747
0,145.985,153.784,0.73989
0,176.494,127.78,0.678836
0,175.849,127.794,0.663365
0,151.171,144.682,0.72863
0,149.24,144.034,0.726631
0,163.528,133.008,0.722652
0,142.747,143.372,0.747907
0,153.775,138.176,0.802495
0,164.172,129.086,0.643546
0,151.819,142.732,0.768796
0,0.0,0.0,0.0
0,152.471,144.693,0.726262
0,177.151,129.739,0.494644
0,160.274,136.227,0.687339
0,0.0,0.0,0.0
0,158.995,133.632,0.730321
0,151.176,144.674,0.736314
0,171.317,137.533,0.500783
0,0.0,0.0,0.0
0,174.573,130.387,0.56784
0,153.759,146.63,0.72219
0,138.174,184.28,0.444102
0,156.36,140.772,0.58111
0,155.083,137.538,0.711414
0,151.831,142.749,0.786722
0,179.76,121.294,0.416247
0,174.539,131.038,0.535658
0,136.882,179.114,0.671831
0,157.019,135.587,0.712613
0,153.134,143.361,0.767306
0,0.0,0.0,0.0
0,137.548,184.285,0.507263
0,153.757,140.779,0.759167
0,138.201,171.317,0.724143
0,153.109,142.091,0.79557
0,146.635,153.142,0.763789
0,152.464,142.701,0.744848
0,153.748,148.555,0.746625
0,137.532,184.967,0.415073
0,151.807,144.047,0.729882
0,148.586,132.98,0.74168
0,152.465,142.741,0.771715
0,151.814,144.039,0.733024
0,153.145,142.741,0.766847
0,155.726,142.72,0.753901
0,163.518,133.641,0.724249
0,157.023,121.949,0.640611
0,158.299,140.787,0.712966
0,180.417,117.409,0.508663
0,156.361,136.24,0.707954
0,147.914,150.523,0.718042
0,158.319,133.653,0.719594
0,153.758,139.476,0.767606
0,153.777,138.851,0.798114
0,0.0,0.0,0.0
0,151.82,143.414,0.757581
0,138.204,182.987,0.455337
0,148.601,148.586,0.78841
0,142.064,179.092,0.638119
0,148.591,147.935,0.702243
0,159.617,136.884,0.659203
0,152.457,142.74,0.696378
0,0.0,0.0,0.0
0,152.46,142.733,0.769471
0,156.365,138.213,0.735773
0,152.456,142.061,0.77247
0,137.513,140.789,0.627138
0,147.276,149.222,0.762956
0,152.48,142.094,0.748683
0,0.0,0.0,0.0
0,158.314,136.897,0.759662
0,158.323,139.5,0.736739
0,176.494,118.702,0.551296
0,149.864,149.229,0.770167
0,0.0,0.0,0.0
0,180.391,122.585,0.451956
0,153.143,142.741,0.771878
0,163.506,129.736,0.671947
0,158.994,133.633,0.701628
0,160.92,120.659,0.717734
0,0.0,0.0,0.0
0,153.115,140.792,0.654
0,152.472,142.742,0.746247
0,182.351,118.049,0.578199
0,0.0,0.0,0.0
0,149.872,148.594,0.792613
0,151.817,143.377,0.774704
0,0.0,0.0,0.0
0,151.181,146.622,0.719539
0,0.0,0.0,0.0
0,170.024,121.947,0.612455
0,152.453,143.411,0.790855
0,153.132,142.091,0.800601
0,175.854,120.648,0.52515
0,176.511,121.295,0.548884
0,179.097,122.584,0.371588
0,0.0,0.0,0.0
0,157.018,136.237,0.740353
0,151.824,143.409,0.762411
0,157.015,138.83,0.681543
0,148.582,148.583,0.802097
0,176.501,119.345,0.581224
0,177.14,127.788,0.615354
0,149.871,146.611,0.740527
0,153.787,138.832,0.783978
0,0.0,0.0,0.0
0,151.169,143.357,0.794887
0,157.016,140.138,0.600005
0,0.0,0.0,0.0
0,0.0,0.0,0.0
0,148.553,151.173,0.777003
0,152.452,142.734,0.767396
0,153.115,144.672,0.726573
0,153.1,142.714,0.771953
0,152.478,143.366,0.791353
0,0.0,0.0,0.0
0,153.762,140.135,0.776116
0,154.435,142.09,0.759674
0,147.934,150.534,0.787368
0,138.2,182.337,0.515031
0,138.839,181.69,0.482263
0,161.567,134.95,0.630555
0,148.569,152.464,0.542973
0,148.602,147.934,0.695449
0,179.107,122.585,0.400746
0,0.0,0.0,0.0
0,0.0,0.0,0.0
0,152.47,143.372,0.799225
0,153.768,141.435,0.735318
0,179.071,125.2,0.639584
0,154.42,140.128,0.692605
0,0.0,0.0,0.0
0,0.0,0.0,0.0
0,153.764,142.058,0.756382
0,153.783,137.539,0.785556
0,153.793,139.496,0.730212
0,153.129,142.063,0.674952
0,0.0,0.0,0.0
0,153.095,145.978,0.739363
0,150.529,143.369,0.765549
0,153.106,142.09,0.747262
0,157.011,135.584,0.732771
0,148.555,151.162,0.792288
0,147.951,151.176,0.784008
0,0.0,0.0,0.0
0,139.479,126.486,0.759528
0,0.0,0.0,0.0
0,155.079,138.18,0.719352
0,151.813,143.396,0.75793
0,153.752,137.546,0.811664
0,154.438,138.183,0.753737
0,175.845,118.694,0.5629
0,158.299,138.205,0.772806
0,153.796,140.138,0.753427
0,0.0,0.0,0.0
0,152.469,143.404,0.713306
0,154.437,137.51,0.7872
0,153.749,139.481,0.757595
0,154.428,140.773,0.679127
0,0.0,0.0,0.0
0,0.0,0.0,0.0
0,153.116,142.742,0.811804
0,0.0,0.0,0.0
0,0.0,0.0,0.0
0,153.803,137.551,0.780203
0,142.723,158.309,0.77555
0,151.184,142.744,0.792363
0,140.771,132.996,0.782251
0,157.658,125.839,0.630206
0,138.205,181.057,0.518846
0,0.0,0.0,0.0
0,179.101,117.428,0.604979
0,150.516,143.37,0.780572
0,147.913,127.794,0.757568
0,153.799,139.479,0.784861
0,149.889,144.033,0.746145
0,151.825,143.358,0.790247
0,175.864,127.143,0.643031
0,151.815,143.37,0.787614
0,144.041,156.358,0.723462
0,169.342,121.299,0.687262
0,0.0,0.0,0.0
0,177.808,118.054,0.621643
0,151.834,143.361,0.799482
0,157.009,139.478,0.660881
0,154.415,137.554,0.778682
0,117.387,129.738,0.770451
0,156.359,138.163,0.764484
0,137.544,179.769,0.541033
0,152.474,144.053,0.718738
0,152.472,143.383,0.790203
0,171.32,137.529,0.597806
0,0.0,0.0,0.0
0,0.0,0.0,0.0
0,154.429,138.191,0.760312
0,179.09,119.35,0.512827
0,140.79,125.841,0.709648
0,0.0,0.0,0.0
0,153.101,139.479,0.781605
0,138.176,184.278,0.462331
0,157.011,138.183,0.722221
0,152.475,144.054,0.725507
0,138.205,184.309,0.478053
0,154.415,139.483,0.77375
0,157.654,137.525,0.783604
0,150.526,174.535,0.529841
0,155.709,138.848,0.722862
0,147.901,153.104,0.771751
0,173.909,121.961,0.697502
0,153.776,138.849,0.754565
0,0.0,0.0,0.0
0,150.528,144.041,0.74805
0,177.155,118.701,0.598674
0,149.249,147.263,0.715177
0,156.368,138.168,0.765289
0,155.714,138.184,0.772398
0,0.0,0.0,0.0
0,138.18,175.868,0.672577
0,152.48,143.402,0.777952
0,152.486,142.079,0.748621
0,152.473,142.073,0.802184
0,153.761,139.491,0.775227
0,155.715,137.532,0.77056
0,166.76,129.096,0.471291
0,168.045,132.355,0.508134
0,173.917,131.037,0.591315
0,155.722,140.134,0.704751
0,138.204,187.534,0.419656
0,157.671,138.179,0.7864
0,156.365,132.974,0.739999
0,0.0,0.0,0.0
0,158.293,134.93,0.742486
0,0.0,0.0,0.0
0,155.085,138.194,0.754018
0,155.08,138.179,0.771939
0,154.43,137.526,0.756068
0,153.792,138.212,0.782392
0,155.07,138.198,0.74496
0,155.062,138.172,0.665808
0,149.886,144.677,0.764294
0,160.264,126.495,0.695416
0,0.0,0.0,0.0
0,153.795,140.784,0.682465
0,156.37,137.529,0.744442
0,0.0,0.0,0.0
0,151.183,142.717,0.596045
0,158.988,136.897,0.744281
0,151.176,144.692,0.719276
0,148.571,148.591,0.794482
0,0.0,0.0,0.0
0,151.166,143.397,0.77802
0,155.077,139.482,0.740903
0,0.0,0.0,0.0
0,42.0607,158.95,0.079446
0,0.0,0.0,0.0
0,160.276,137.543,0.72163
0,168.045,127.162,0.719711
0,155.087,142.082,0.73033
0,153.113,129.747,0.77222
0,158.335,136.879,0.734221
0,158.973,135.576,0.676268
0,0.0,0.0,0.0
0,151.164,143.368,0.775202
0,177.157,118.702,0.519873
0,0.0,0.0,0.0
0,151.822,142.756,0.79066
0,168.717,134.285,0.462878
0,0.0,0.0,0.0
0,151.166,144.041,0.740224
0,150.524,142.746,0.757651
0,158.314,139.497,0.689145
0,153.762,142.7,0.729979
0,0.0,0.0,0.0
0,154.428,138.857,0.764189
0,0.0,0.0,0.0
0,160.923,136.241,0.628919
0,0.0,0.0,0.0
0,139.488,179.773,0.611701
0,148.572,147.926,0.766164
0,154.424,138.831,0.699719
0,138.18,175.843,0.693078
0,0.0,0.0,0.0
0,0.0,0.0,0.0
0,0.0,0.0,0.0
0,151.827,136.889,0.653463
0,155.07,135.586,0.730337
0,153.769,140.122,0.785618
0,147.949,153.754,0.83822
0,153.132,129.102,0.630819
0,153.117,139.496,0.775858
0,181.05,121.927,0.48384
0,148.592,147.257,0.752477
0,153.791,137.537,0.798803
0,155.088,142.707,0.767088
0,153.772,138.856,0.799409
0,164.154,133.004,0.739671
0,0.0,0.0,0.0
0,177.15,118.053,0.572215
0,149.237,148.58,0.780417
0,148.554,151.181,0.761141
0,157.646,138.849,0.579038
0,0.0,0.0,0.0
