,lx,ly,lconfidence
0,164.821,147.911,0.284611
0,170.024,138.195,0.415804
0,179.097,135.588,0.287449
0,169.353,142.714,0.424713
0,175.196,139.486,0.521604
0,166.117,142.738,0.235732
0,49.8784,160.259,0.113559
0,158.965,153.765,0.261235
0,169.354,140.786,0.382916
0,164.153,149.883,0.300639
0,171.964,150.529,0.33683
0,175.221,140.788,0.563613
0,0.0,0.0,0.0
0,29.0574,140.789,0.152724
0,0.0,0.0,0.0
0,148.589,163.49,0.493277
0,174.562,138.191,0.424425
0,184.296,141.434,0.624391
0,181.699,136.892,0.537339
0,0.0,0.0,0.0
0,169.363,138.196,0.596353
0,171.312,142.726,0.418571
0,168.062,155.712,0.227262
0,174.572,136.874,0.558872
0,0.0,0.0,0.0
0,0.0,0.0,0.0
0,171.952,143.37,0.285147
0,0.0,0.0,0.0
0,175.211,139.484,0.407891
0,167.402,135.592,0.269533
0,179.094,136.233,0.401159
0,165.462,142.741,0.365203
0,0.0,0.0,0.0
0,174.545,138.833,0.44911
0,148.585,163.515,0.274007
0,157.028,157.662,0.31002
0,168.708,133.654,0.452719
0,145.988,173.251,0.396109
0,168.061,144.028,0.286203
0,44.0057,163.504,0.08807
0,158.988,141.43,0.173099
0,153.762,164.825,0.0679755
0,0.0,0.0,0.0
0,173.902,139.48,0.269732
0,0.0,0.0,0.0
0,0.0,0.0,0.0
0,180.398,134.299,0.368665
0,183.002,137.546,0.479744
0,183.002,138.176,0.356745
0,175.205,136.869,0.485832
0,173.892,138.199,0.519223
0,161.564,163.532,0.170735
0,0.0,0.0,0.0
0,171.961,142.079,0.216431
0,166.752,139.475,0.617862
0,179.769,138.172,0.669516
0,169.366,137.538,0.333689
0,165.457,152.474,0.0628855
0,168.698,136.228,0.18025
0,147.947,159.617,0.313314
0,182.986,138.214,0.603217
0,156.372,155.078,0.111807
0,163.507,152.466,0.0649371
0,173.249,138.197,0.52057
0,164.147,131.691,0.206297
0,0.0,0.0,0.0
0,0.0,0.0,0.0
0,179.087,138.835,0.617721
0,181.702,138.833,0.405446
0,179.743,137.543,0.551896
0,0.0,0.0,0.0
0,170.024,142.072,0.41107
0,164.186,142.74,0.285507
0,157.652,142.724,0.274616
0,164.164,142.083,0.249142
0,0.0,0.0,0.0
0,178.439,137.534,0.63664
0,179.09,139.482,0.345082
0,0.0,0.0,0.0
0,34.92,237.561,0.113887
0,164.163,147.929,0.149658
0,144.037,157.02,0.066317
0,141.43,159.607,0.065907
0,179.079,135.583,0.562222
0,164.816,164.821,0.0812307
0,170.0,145.979,0.347056
0,164.152,150.526,0.212412
0,161.564,147.92,0.127704
0,179.089,135.594,0.519634
0,0.0,0.0,0.0
0,165.459,142.731,0.194682
0,169.363,138.848,0.454171
0,0.0,0.0,0.0
0,169.343,142.069,0.544383
0,174.543,143.378,0.397258
0,165.455,152.475,0.331867
0,164.164,148.576,0.205515
0,173.254,142.085,0.466325
0,153.124,158.975,0.305818
0,174.548,140.774,0.513471
0,165.465,139.483,0.139249
0,164.172,137.531,0.137326
0,170.665,142.719,0.515923
0,180.406,136.895,0.299735
0,164.176,138.831,0.089083
0,177.793,136.877,0.487477
0,180.394,138.205,0.420675
0,172.609,140.789,0.404725
0,175.209,140.139,0.430166
0,0.0,0.0,0.0
0,0.0,0.0,0.0
0,179.096,138.182,0.455213
0,168.686,138.185,0.479692
0,179.758,138.827,0.673655
0,175.214,139.488,0.511604
0,150.522,166.11,0.131398
0,148.584,164.818,0.0971975
0,0.0,0.0,0.0
0,179.738,138.188,0.54408
0,0.0,0.0,0.0
0,0.0,0.0,0.0
0,168.047,134.938,0.502372
0,170.004,143.376,0.393643
0,47.9169,158.964,0.134854
0,168.717,143.381,0.269783
0,0.0,0.0,0.0
0,0.0,0.0,0.0
0,172.609,139.494,0.469595
0,177.792,137.527,0.275817
0,0.0,0.0,0.0
0,138.208,153.109,0.476522
0,49.8817,161.563,0.224606
0,163.529,147.282,0.180997
0,179.744,135.589,0.428223
0,142.715,152.451,0.387884
0,0.0,0.0,0.0
0,164.814,147.933,0.127885
0,173.906,138.843,0.415542
0,36.866,164.172,0.0809795
0,163.512,146.631,0.245088
0,0.0,0.0,0.0
0,169.379,137.553,0.516854
0,180.409,138.19,0.567656
0,0.0,0.0,0.0
0,177.152,138.838,0.422759
0,167.405,149.874,0.39852
0,0.0,0.0,0.0
0,161.56,158.314,0.0564226
0,166.12,149.223,0.112854
0,54.3969,158.339,0.271022
0,179.112,134.941,0.631897
0,161.568,132.343,0.112321
0,177.802,138.196,0.380236
0,168.699,139.491,0.402322
0,168.05,144.673,0.409617
0,33.6021,237.565,0.0531357
0,165.469,139.482,0.404989
0,167.402,147.917,0.18665
0,154.418,163.49,0.288434
0,174.561,142.734,0.268772
0,0.0,0.0,0.0
0,30.371,137.514,0.605791
0,175.212,140.774,0.509383
0,159.624,147.27,0.362114
0,184.944,138.188,0.51958
0,164.164,148.589,0.299061
0,0.0,0.0,0.0
0,0.0,0.0,0.0
0,0.0,0.0,0.0
0,153.761,179.106,0.0979038
0,168.044,142.714,0.46487
0,173.253,142.065,0.525831
0,173.256,140.136,0.485985
0,164.822,137.537,0.360443
0,0.0,0.0,0.0
0,170.017,141.437,0.0781863
0,168.692,137.538,0.258843
0,169.347,142.719,0.488846
0,165.477,142.728,0.468037
0,180.396,137.508,0.648787
0,0.0,0.0,0.0
0,0.0,0.0,0.0
0,0.0,0.0,0.0
0,184.304,120.007,0.111238
0,184.936,138.207,0.611576
0,166.77,133.64,0.0752645
0,179.756,136.231,0.362798
0,179.116,137.531,0.691545
0,0.0,0.0,0.0
0,179.75,136.88,0.597915
0,179.092,137.542,0.620078
0,169.353,134.296,0.423487
0,173.9,144.678,0.188599
0,175.851,138.209,0.495109
0,179.093,135.587,0.551796
0,176.499,142.076,0.22303
0,165.469,144.677,0.168311
0,164.18,145.979,0.319237
0,168.048,144.036,0.284693
0,0.0,0.0,0.0
0,0.0,0.0,0.0
0,163.503,140.784,0.398411
0,0.0,0.0,0.0
0,169.351,142.724,0.286982
0,164.184,142.088,0.434854
0,0.0,0.0,0.0
0,168.72,136.245,0.515242
0,179.74,137.54,0.362379
0,174.572,141.427,0.580244
0,167.415,142.078,0.263065
0,168.72,146.633,0.157442
0,179.747,138.169,0.493929
0,179.107,138.198,0.350977
0,179.74,133.644,0.476565
0,183.646,137.529,0.564865
0,168.692,134.291,0.236024
0,0.0,0.0,0.0
0,174.557,140.786,0.312101
0,146.622,143.386,0.279284
0,0.0,0.0,0.0
0,172.598,145.328,0.461559
0,169.352,138.833,0.546343
0,169.363,143.386,0.0873498
0,179.757,136.88,0.564579
0,170.013,138.193,0.367523
0,164.169,142.083,0.0689218
0,163.525,145.33,0.170007
0,169.338,140.139,0.389653
0,0.0,0.0,0.0
0,0.0,0.0,0.0
0,164.156,145.98,0.154344
0,0.0,0.0,0.0
0,174.55,139.479,0.458833
0,0.0,0.0,0.0
0,184.282,145.322,0.247235
0,179.097,135.583,0.522618
0,171.952,138.189,0.426892
0,160.27,153.782,0.177101
0,170.001,137.519,0.559947
0,178.445,135.587,0.409498
0,0.0,0.0,0.0
0,168.721,142.724,0.325155
0,58.9284,168.718,0.0854424
0,0.0,0.0,0.0
0,0.0,0.0,0.0
0,169.362,147.928,0.463838
0,168.697,143.386,0.425523
0,173.881,137.529,0.501188
0,169.359,145.325,0.0673511
0,179.094,136.241,0.470609
0,174.557,141.44,0.346873
0,166.106,142.728,0.385592
0,168.716,144.025,0.302399
0,170.005,140.124,0.345158
0,144.027,158.98,0.100222
0,0.0,0.0,0.0
0,0.0,0.0,0.0
0,172.604,131.031,0.158749
0,175.218,140.143,0.546513
0,171.3,138.844,0.431914
0,170.016,144.03,0.379988
0,170.668,143.389,0.371781
0,0.0,0.0,0.0
0,163.512,162.219,0.074113
0,179.771,134.945,0.559902
0,0.0,0.0,0.0
0,50.5041,159.632,0.347913
0,168.698,146.625,0.267514
0,173.913,142.712,0.545142
0,143.354,132.979,0.66433
0,148.596,164.825,0.123121
0,142.089,144.044,0.786633
0,168.717,158.31,0.2276
0,179.735,138.208,0.547417
0,167.414,144.026,0.220034
0,164.817,151.818,0.0903895
0,179.764,137.53,0.51517
0,0.0,0.0,0.0
0,0.0,0.0,0.0
0,181.058,137.541,0.650578
0,29.7372,140.139,0.363949
0,170.018,143.376,0.340652
0,0.0,0.0,0.0
0,171.317,141.435,0.300947
0,0.0,0.0,0.0
0,0.0,0.0,0.0
0,168.06,142.717,0.267491
0,182.994,133.652,0.33052
0,46.6145,158.969,0.108205
0,182.351,134.949,0.538827
0,164.17,164.82,0.0643254
0,167.408,142.063,0.490837
0,182.988,118.707,0.129636
0,163.508,147.941,0.157856
0,164.171,146.63,0.162297
0,180.393,137.551,0.319601
0,0.0,0.0,0.0
0,170.003,142.723,0.272161
0,152.48,179.747,0.0795168
0,179.107,138.176,0.643008
0,174.553,141.427,0.396616
0,166.114,138.207,0.460939
0,160.919,157.012,0.174283
0,0.0,0.0,0.0
0,0.0,0.0,0.0
0,175.862,137.544,0.259638
0,0.0,0.0,0.0
0,179.729,138.832,0.695454
0,170.017,144.024,0.141775
0,49.8797,160.27,0.258744
0,179.113,138.212,0.659887
0,179.096,137.522,0.452772
0,0.0,0.0,0.0
0,164.821,153.119,0.283467
0,179.743,138.833,0.382259
0,169.352,142.084,0.361874
0,171.305,138.173,0.395462
0,33.6102,143.385,0.29404
0,0.0,0.0,0.0
0,182.352,138.165,0.715826
0,170.003,139.479,0.419939
0,0.0,0.0,0.0
0,179.744,136.24,0.390706
0,179.106,136.241,0.490025
0,0.0,0.0,0.0
0,168.059,143.389,0.330332
0,163.527,142.068,0.321931
0,163.524,142.083,0.249025
0,38.8134,230.407,0.238106
0,149.229,157.01,0.071265
0,174.548,136.887,0.30417
0,172.607,138.201,0.539166
0,168.699,147.921,0.489082
0,176.499,144.027,0.167373
0,181.049,135.581,0.51173
0,169.365,145.337,0.393685
0,158.305,145.333,0.132636
0,179.756,132.969,0.550588
0,180.408,127.141,0.18826
0,0.0,0.0,0.0
0,173.893,138.835,0.451901
0,45.9635,162.216,0.0544955
0,0.0,0.0,0.0
0,171.304,142.066,0.397229
0,168.7,135.587,0.585236
0,0.0,0.0,0.0
0,163.519,144.03,0.36255
0,156.375,185.594,0.125787
0,179.769,139.48,0.496399
0,182.997,116.752,0.217106
0,34.916,237.561,0.110669
0,0.0,0.0,0.0
0,164.813,153.772,0.0621903
0,179.766,134.933,0.546725
0,144.689,153.112,0.0817537
0,172.614,137.535,0.375818
0,29.0903,137.522,0.288271
0,177.803,138.186,0.617612
0,175.203,139.486,0.36578
0,179.099,134.284,0.344888
0,176.496,138.178,0.385507
0,32.3307,147.905,0.338806
0,180.406,135.583,0.369747
0,164.818,154.43,0.0927642
0,169.356,138.836,0.322245
0,181.697,138.196,0.395394
0,38.1649,232.362,0.0638387
0,155.084,162.846,0.441129
0,0.0,0.0,0.0
0,181.704,137.531,0.377733
0,168.053,145.974,0.164401
0,179.743,133.639,0.428825
0,0.0,0.0,0.0
0,155.716,143.383,0.286392
0,158.964,147.928,0.165575
0,170.025,141.433,0.377934
0,170.651,142.741,0.525303
0,179.083,128.437,0.22696
0,180.412,139.479,0.572782
0,154.432,156.374,0.687638
0,169.362,142.737,0.297076
0,169.348,140.784,0.333816
0,0.0,0.0,0.0
0,166.759,152.465,0.0736551
0,170.659,155.718,0.0603996
0,0.0,0.0,0.0
0,0.0,0.0,0.0
0,164.818,141.426,0.344316
0,165.461,159.616,0.119879
0,174.556,140.781,0.380815
0,0.0,0.0,0.0
0,177.153,138.175,0.384857
0,173.897,142.079,0.209803
0,146.623,158.318,0.250998
0,167.41,137.546,0.178857
0,160.261,152.468,0.0912522
0,0.0,0.0,0.0
0,182.351,135.578,0.512123
0,173.912,138.188,0.427306
0,181.044,134.291,0.243927
0,164.825,151.826,0.0670262
0,168.705,138.189,0.340303
0,0.0,0.0,0.0
0,164.808,150.522,0.302272
0,0.0,0.0,0.0
0,164.167,128.458,0.245751
0,49.8497,173.895,0.205031
0,38.824,231.716,0.152193
0,169.353,140.136,0.306572
0,170.007,142.741,0.389287
0,0.0,0.0,0.0
0,168.693,136.876,0.356108
0,33.6326,153.785,0.557534
0,178.442,136.876,0.329682
0,0.0,0.0,0.0
0,177.806,139.492,0.326617
0,158.965,148.573,0.131068
0,0.0,0.0,0.0
0,171.315,143.395,0.0647026
0,158.98,164.163,0.061193
0,173.253,138.844,0.180953
0,164.823,137.527,0.474855
0,181.692,138.203,0.411985
0,171.952,138.187,0.11801
0,180.404,118.052,0.067649
0,174.559,138.196,0.287023
0,179.725,122.59,0.690884
0,0.0,0.0,0.0
0,166.761,142.729,0.433782
0,167.416,142.081,0.439892
0,169.369,142.732,0.0749967
0,0.0,0.0,0.0
0,164.181,147.285,0.527155
0,161.575,141.429,0.293866
0,175.196,138.189,0.444597
0,0.0,0.0,0.0
0,165.456,153.099,0.321796
0,164.822,153.122,0.0581483
0,170.022,143.363,0.535447
0,178.452,138.2,0.345037
0,154.438,153.099,0.246582
0,164.166,152.48,0.0744547
0,0.0,0.0,0.0
0,172.605,138.186,0.238465
0,0.0,0.0,0.0
0,173.244,138.202,0.453895
0,158.313,155.719,0.117716
0,179.753,138.178,0.549974
0,162.868,162.869,0.105889
0,178.453,138.847,0.564059
0,164.152,144.021,0.362707
0,173.916,142.088,0.319611
0,0.0,0.0,0.0
0,172.612,139.49,0.410996
0,164.829,147.932,0.235989
0,0.0,0.0,0.0
0,178.447,146.627,0.119502
0,180.416,138.183,0.612632
0,164.155,145.97,0.220783
0,149.881,173.916,0.0693835
0,169.351,142.07,0.0923056
0,176.508,138.829,0.426227
0,163.522,153.129,0.0934782
0,169.376,143.393,0.403913
0,168.691,138.188,0.544446
0,169.353,142.083,0.361966
0,0.0,0.0,0.0
0,182.993,135.595,0.561842
0,161.563,146.634,0.0789185
0,169.37,142.73,0.345326
0,164.156,153.122,0.127345
0,0.0,0.0,0.0
0,175.856,138.191,0.54203
0,165.459,142.743,0.197215
0,0.0,0.0,0.0
0,163.502,152.475,0.127269
0,153.787,155.062,0.384132
0,168.701,131.68,0.24531
0,136.89,162.852,0.061669
0,173.909,144.031,0.265725
0,163.5,143.385,0.138342
0,158.326,152.471,0.128122
0,167.409,147.935,0.449174
0,178.459,133.646,0.484667
0,168.691,134.29,0.442705
0,170.653,144.025,0.384007
0,182.351,138.853,0.435763
0,0.0,0.0,0.0
0,181.048,117.409,0.143947
0,0.0,0.0,0.0
0,0.0,0.0,0.0
0,144.026,147.91,0.295332
0,167.405,144.044,0.562779
0,171.963,142.079,0.320194
0,168.721,137.539,0.501262
0,146.625,173.881,0.140679
0,177.145,137.534,0.582429
0,144.029,134.292,0.7249
0,178.447,137.542,0.544467
0,49.8529,160.919,0.420967
0,179.754,138.175,0.537705
0,164.808,144.022,0.39516
0,165.461,149.876,0.0586946
0,170.018,140.13,0.422933
0,165.464,146.623,0.140491
0,158.324,144.678,0.137364
0,164.815,148.59,0.225031
0,174.567,135.59,0.56903
0,168.705,148.57,0.122401
0,168.707,156.375,0.102184
0,170.017,141.436,0.4606
0,34.9198,237.557,0.0507925
0,176.508,129.101,0.106629
0,165.472,147.935,0.38839
0,179.745,136.881,0.516839
0,182.994,138.198,0.372466
0,166.761,147.943,0.0602952
0,182.991,135.578,0.48069
0,0.0,0.0,0.0
0,47.9198,214.176,0.18192
0,0.0,0.0,0.0
0,168.059,143.369,0.395977
0,153.782,153.12,0.161395
0,0.0,0.0,0.0
0,0.0,0.0,0.0
0,0.0,0.0,0.0
0,0.0,0.0,0.0
0,166.756,153.128,0.13875
0,160.914,145.336,0.0946523
0,177.147,138.834,0.458619
0,168.07,142.074,0.395583
0,164.155,148.572,0.155452
0,165.467,140.78,0.43477
0,0.0,0.0,0.0
0,167.412,142.73,0.123859
0,158.958,146.631,0.0827822
0,153.774,164.155,0.0583937
0,166.756,149.228,0.0537264
0,166.105,149.222,0.34697
0,174.558,137.534,0.352634
0,180.417,137.537,0.549342
0,170.016,140.785,0.398538
0,169.357,143.373,0.401927
0,169.343,141.425,0.347029
0,0.0,0.0,0.0
0,0.0,0.0,0.0
0,168.068,143.384,0.266167
0,179.101,137.54,0.267452
0,178.443,138.186,0.55592
0,175.211,141.44,0.577022
0,167.408,138.845,0.258053
0,158.295,143.387,0.0789032
0,36.8752,237.556,0.128622
0,169.358,142.081,0.155338
0,167.4,147.281,0.471456
0,171.95,139.481,0.509734
0,170.019,137.546,0.464149
0,170.658,142.071,0.281339
0,179.748,136.225,0.578539
0,0.0,0.0,0.0
0,168.049,140.788,0.440944
0,166.116,160.915,0.107059
0,0.0,0.0,0.0
0,0.0,0.0,0.0
0,170.011,142.061,0.528534
0,180.39,137.549,0.424267
0,179.091,138.829,0.528655
0,172.611,139.485,0.522959
0,141.422,158.318,0.0573953
0,163.51,148.585,0.484866
0,0.0,0.0,0.0
0,175.86,139.482,0.385531
0,173.897,141.434,0.493323
0,169.346,151.176,0.162124
0,174.541,138.832,0.245198
0,0.0,0.0,0.0
0,175.211,136.89,0.416987
0,157.024,158.303,0.248011
0,164.145,151.817,0.192507
0,166.76,139.476,0.262152
0,175.851,138.18,0.427971
0,169.353,134.934,0.285721
0,0.0,0.0,0.0
0,164.174,149.876,0.13323
0,173.909,140.789,0.287879
0,179.092,134.941,0.354811
0,174.56,136.885,0.283695
0,173.908,138.201,0.472084
0,164.164,137.535,0.142366
0,179.08,118.704,0.0882773
0,49.8833,160.282,0.480993
0,175.847,140.781,0.588976
0,0.0,0.0,0.0
0,0.0,0.0,0.0
0,170.67,142.735,0.340709
0,0.0,0.0,0.0
0,170.653,143.384,0.325396
0,0.0,0.0,0.0
0,181.697,137.523,0.578488
0,0.0,0.0,0.0
0,166.106,141.432,0.105161
0,179.097,142.712,0.524355
0,169.36,138.838,0.313264
0,164.192,142.735,0.391867
0,166.762,138.198,0.400241
0,163.527,148.581,0.440401
0,0.0,0.0,0.0
0,155.068,152.479,0.0987919
0,179.105,140.127,0.4211
0,162.866,140.133,0.186169
0,180.399,134.294,0.454403
0,0.0,0.0,0.0
0,174.559,139.49,0.382189
0,152.462,164.154,0.211561
0,0.0,0.0,0.0
0,0.0,0.0,0.0
0,0.0,0.0,0.0
0,34.9395,237.559,0.0768572
0,152.471,153.102,0.0595455
0,158.317,142.075,0.180475
0,173.248,143.38,0.448238
0,148.589,162.866,0.0866018
0,167.408,136.885,0.321364
0,163.53,140.784,0.331952
0,171.309,142.741,0.478216
0,175.21,138.831,0.320557
0,179.078,141.433,0.638591
0,165.459,153.762,0.115267
0,0.0,0.0,0.0
0,139.486,158.98,0.172524
0,169.358,140.123,0.408669
0,173.904,137.535,0.393656
0,174.547,139.475,0.445866
0,164.15,144.679,0.140939
0,0.0,0.0,0.0
0,178.451,138.85,0.492404
0,164.821,156.372,0.0965027
0,178.459,137.512,0.514875
0,170.662,138.843,0.354402
0,179.094,138.183,0.707449
0,179.083,138.828,0.3912
0,163.519,147.268,0.45663
0,145.977,170.656,0.214557
0,179.757,135.585,0.436303
0,138.186,153.108,0.218965
0,169.371,134.286,0.235159
0,180.413,137.527,0.555561
0,166.757,152.469,0.098139
0,179.089,137.542,0.516514
0,47.2612,158.966,0.110163
0,175.202,136.882,0.501144
0,0.0,0.0,0.0
0,178.457,138.196,0.354471
0,0.0,0.0,0.0
0,179.758,137.53,0.396909
0,160.911,140.129,0.466623
0,168.046,139.479,0.558139
0,163.508,154.429,0.0583216
0,168.694,144.034,0.377259
0,154.427,162.857,0.280154
0,170.013,145.33,0.381021
0,180.403,137.533,0.578271
0,0.0,0.0,0.0
0,173.255,138.179,0.441513
0,177.145,139.482,0.345466
0,151.832,170.665,0.203937
0,148.58,162.865,0.133194
0,170.026,142.08,0.33383
0,170.657,138.829,0.594334
0,0.0,0.0,0.0
0,177.157,138.857,0.615956
0,0.0,0.0,0.0
0,166.118,142.713,0.462125
0,175.199,138.828,0.295498
0,0.0,0.0,0.0
0,179.108,138.188,0.240488
0,0.0,0.0,0.0
0,169.345,142.068,0.495368
0,180.4,134.948,0.374571
0,168.713,137.547,0.33823
0,19.3307,175.856,0.0548705
0,173.898,136.245,0.359811
0,180.397,136.89,0.591128
0,173.898,138.839,0.346116
0,0.0,0.0,0.0
0,0.0,0.0,0.0
0,164.187,147.921,0.258996
0,178.456,136.232,0.414557
0,169.37,133.637,0.0620987
0,168.711,131.694,0.0569808
0,179.762,134.943,0.468955
0,0.0,0.0,0.0
0,174.55,139.478,0.522508
0,0.0,0.0,0.0
0,159.625,151.827,0.1228
0,0.0,0.0,0.0
0,178.444,134.295,0.313743
0,179.74,142.075,0.636431
0,175.207,136.222,0.564812
0,141.428,158.297,0.0656808
0,0.0,0.0,0.0
0,174.54,138.192,0.53499
0,153.773,152.469,0.0838374
0,165.474,142.069,0.310487
0,149.235,150.527,0.398245
0,179.743,135.584,0.38777
0,169.35,129.094,0.142157
0,169.363,144.022,0.309662
0,29.0731,138.832,0.210598
0,190.13,137.541,0.298397
0,166.113,152.462,0.0758386
0,164.174,136.234,0.170782
0,0.0,0.0,0.0
0,164.817,138.847,0.398644
0,179.73,138.195,0.689577
0,142.717,153.115,0.250026
0,0.0,0.0,0.0
0,0.0,0.0,0.0
0,165.467,144.679,0.350225
0,0.0,0.0,0.0
0,159.626,151.814,0.226117
0,168.707,140.778,0.431923
0,174.56,141.439,0.408553
0,179.103,121.946,0.176317
0,0.0,0.0,0.0
0,162.867,154.431,0.210502
0,162.863,141.429,0.0917776
0,166.106,146.621,0.121194
0,51.8078,164.176,0.466368
0,0.0,0.0,0.0
0,175.218,140.776,0.56845
0,155.072,158.309,0.274496
0,179.772,135.582,0.58989
0,175.849,133.641,0.608044
0,178.442,137.521,0.417942
0,166.753,142.079,0.410772
0,152.479,173.894,0.128977
0,177.155,138.177,0.450669
0,170.021,149.225,0.151538
0,168.695,142.732,0.407397
0,163.522,145.321,0.379139
0,163.509,142.726,0.249254
0,168.703,140.781,0.577215
0,164.815,144.03,0.190027
0,177.151,138.2,0.331285
0,162.857,145.985,0.263604
0,163.518,148.584,0.061731
0,180.409,138.835,0.47529
0,164.163,142.724,0.223796
0,163.501,138.183,0.531856
0,168.721,142.74,0.327407
0,170.018,147.934,0.287251
0,0.0,0.0,0.0
0,173.894,138.833,0.476145
0,0.0,0.0,0.0
0,172.601,142.077,0.358633
0,164.179,166.119,0.162814
0,0.0,0.0,0.0
0,169.359,140.132,0.29776
0,168.707,143.386,0.282313
0,29.07,142.086,0.116894
0,178.446,137.555,0.679477
0,168.705,146.621,0.366522
0,179.092,138.852,0.51684
0,143.41,147.91,0.416826
0,167.411,141.432,0.340548
0,168.708,143.372,0.509997
0,38.8155,232.356,0.163736
0,169.361,138.846,0.325156
0,163.528,144.025,0.357743
0,164.157,155.727,0.0822545
0,169.365,143.384,0.334554
0,0.0,0.0,0.0
0,163.501,153.108,0.109414
0,180.406,138.189,0.444046
0,0.0,0.0,0.0
0,169.36,143.388,0.14987
0,179.756,140.138,0.336397
0,0.0,0.0,0.0
0,167.406,139.48,0.164574
0,179.094,138.838,0.439336
0,184.931,118.065,0.0729797
0,0.0,0.0,0.0
0,179.75,138.185,0.682294
0,180.392,136.893,0.477283
0,54.4027,158.326,0.251762
0,179.113,137.521,0.413051
0,29.7355,137.534,0.535297
0,166.766,151.826,0.076361
0,164.828,147.284,0.392474
0,0.0,0.0,0.0
0,163.496,153.123,0.0992204
0,166.76,150.528,0.0858124
0,148.571,163.512,0.291452
0,0.0,0.0,0.0
0,180.401,143.366,0.469292
0,174.545,140.776,0.395256
0,0.0,0.0,0.0
0,173.909,142.721,0.366915
0,154.436,163.497,0.0513898
0,167.405,153.123,0.0523389
0,173.9,141.436,0.424061
0,0.0,0.0,0.0
0,0.0,0.0,0.0
0,177.15,138.192,0.421742
0,164.152,142.736,0.442441
0,0.0,0.0,0.0
0,0.0,0.0,0.0
0,179.119,136.876,0.567316
0,169.35,142.723,0.337891
0,168.054,142.079,0.248116
0,169.349,143.382,0.469835
0,180.41,136.226,0.499404
0,51.1561,163.532,0.431333
0,177.148,138.849,0.576329
0,0.0,0.0,0.0
0,171.312,144.032,0.340697
0,153.147,155.715,0.692394
0,151.812,174.563,0.0521505
0,166.121,143.385,0.187041
0,164.174,142.734,0.61823
0,158.958,144.031,0.111891
0,0.0,0.0,0.0
0,0.0,0.0,0.0
0,0.0,0.0,0.0
0,179.084,138.193,0.544575
0,168.06,146.623,0.188109
0,148.588,165.458,0.136987
0,163.515,153.114,0.0557628
0,49.8453,163.501,0.0961112
0,0.0,0.0,0.0
0,175.848,138.17,0.462874
0,171.304,138.187,0.425553
0,182.348,134.291,0.422471
0,169.381,142.728,0.592663
0,49.2184,224.552,0.0537644
0,166.766,143.376,0.440945
0,166.119,142.072,0.483954
0,173.916,142.731,0.536947
0,181.05,142.711,0.546738
0,171.952,138.176,0.40528
0,179.1,137.507,0.651903
0,0.0,0.0,0.0
0,169.342,143.377,0.37837
0,0.0,0.0,0.0
0,169.349,139.475,0.434685
0,178.448,138.855,0.478772
0,170.667,136.887,0.395559
0,179.753,142.081,0.356421
0,0.0,0.0,0.0
0,0.0,0.0,0.0
0,178.45,137.528,0.313094
0,138.198,153.135,0.373169
0,173.899,140.126,0.42553
0,179.087,135.591,0.469874
0,174.555,143.378,0.456823
0,169.366,139.486,0.383402
0,0.0,0.0,0.0
0,0.0,0.0,0.0
0,164.177,144.688,0.317118
0,0.0,0.0,0.0
0,47.2511,160.263,0.0551659
0,173.251,138.184,0.385948
0,158.322,158.319,0.198671
0,178.442,137.523,0.436538
0,179.756,121.965,0.716726
0,164.829,142.724,0.282056
0,147.922,174.57,0.0711028
0,32.9804,148.569,0.0542015
0,164.814,153.762,0.0688257
0,181.699,140.126,0.523979
0,166.111,146.624,0.100859
0,174.548,138.174,0.527797
0,181.043,137.531,0.637271
0,177.801,138.204,0.268962
0,162.214,173.249,0.0751377
0,179.762,138.192,0.573843
0,175.209,136.226,0.420904
0,174.557,138.831,0.0766631
0,0.0,0.0,0.0
0,164.173,160.271,0.093602
0,181.694,137.533,0.29449
0,162.864,151.817,0.189933
0,180.404,137.528,0.483921
0,170.006,143.392,0.332461
0,170.658,145.318,0.404333
0,145.985,173.259,0.201816
0,168.057,142.716,0.32215
0,179.115,138.176,0.49284
0,162.215,158.321,0.0567289
0,0.0,0.0,0.0
0,34.2659,155.075,0.0966319
0,168.719,141.433,0.346951
0,180.389,118.699,0.079825
0,170.658,136.883,0.36253
0,0.0,0.0,0.0
0,175.197,137.527,0.628703
0,0.0,0.0,0.0
0,165.466,143.371,0.361067
0,168.057,139.485,0.384657
0,0.0,0.0,0.0
0,179.104,135.589,0.420835
0,175.207,137.533,0.384472
0,159.61,157.666,0.33313
0,166.763,142.09,0.426438
0,175.213,135.576,0.603217
0,179.107,136.867,0.436071
0,177.151,139.476,0.503623
0,0.0,0.0,0.0
0,169.37,143.377,0.463536
0,153.122,158.97,0.0773049
0,0.0,0.0,0.0
0,168.067,148.592,0.530625
0,166.123,142.736,0.366117
0,0.0,0.0,0.0
0,157.012,163.496,0.289802
0,179.085,138.18,0.461872
0,179.111,132.336,0.306069
0,179.096,136.247,0.509589
0,179.098,136.891,0.452244
0,178.437,138.848,0.553005
0,179.737,120.646,0.174086
0,169.357,132.33,0.241171
0,0.0,0.0,0.0
0,168.713,142.075,0.493935
0,158.975,164.16,0.0656612
0,0.0,0.0,0.0
0,165.461,142.721,0.268507
0,0.0,0.0,0.0
0,177.802,140.78,0.517784
0,0.0,0.0,0.0
0,171.957,143.369,0.32415
0,181.04,133.003,0.419811
0,155.715,139.492,0.120975
0,172.606,138.185,0.431716
0,168.712,147.284,0.435657
0,183.647,136.89,0.602596
0,169.348,139.495,0.535648
0,163.522,152.466,0.0812039
0,0.0,0.0,0.0
0,169.339,139.494,0.453222
0,180.404,137.523,0.33882
0,0.0,0.0,0.0
0,164.171,154.428,0.0864405
0,153.124,153.107,0.0673014
0,174.555,138.178,0.475493
0,174.567,141.429,0.377141
0,34.2851,237.565,0.0658742
0,177.789,138.831,0.45017
0,171.303,140.786,0.432443
0,0.0,0.0,0.0
0,53.7379,159.634,0.350749
0,0.0,0.0,0.0
0,163.52,143.373,0.369592
0,0.0,0.0,0.0
0,0.0,0.0,0.0
0,179.109,142.07,0.387944
0,169.341,141.438,0.352487
0,168.064,143.371,0.257295
0,49.8433,170.009,0.12724
0,168.718,140.785,0.378918
0,147.924,163.505,0.18619
0,0.0,0.0,0.0
0,179.744,138.855,0.576537
0,174.547,137.546,0.283971
0,0.0,0.0,0.0
0,168.707,143.377,0.344707
0,166.766,142.726,0.407521
0,166.114,142.713,0.55493
0,169.359,142.721,0.417391
0,0.0,0.0,0.0
0,179.089,136.89,0.316649
0,0.0,0.0,0.0
0,166.765,143.381,0.105399
0,0.0,0.0,0.0
0,152.465,164.819,0.154451
0,177.161,137.536,0.587133
0,162.861,142.722,0.217049
0,152.476,163.508,0.383327
0,0.0,0.0,0.0
0,0.0,0.0,0.0
0,0.0,0.0,0.0
0,179.1,139.493,0.263045
0,173.245,134.944,0.193474
0,174.554,138.192,0.488483
0,170.664,142.727,0.318174
0,179.113,141.438,0.454783
0,173.26,138.177,0.511927
0,182.346,121.302,0.0836891
0,162.212,156.375,0.254905
0,169.346,147.266,0.283332
0,164.813,145.982,0.458483
0,165.467,146.623,0.393178
0,163.501,153.114,0.0571143
0,0.0,0.0,0.0
0,0.0,0.0,0.0
0,157.027,153.769,0.145206
0,179.094,138.168,0.425634
0,164.164,140.774,0.347394
0,0.0,0.0,0.0
